week,product,store,units_sold,revenue
2025-01-01,Beer,Store_A,188,8503.08
2025-01-01,SoftDrink,Store_A,216,8420.61
2025-01-01,Juice,Store_A,114,5038.54
2025-01-01,Snacks,Store_A,110,4934.27
2025-01-01,Beer,Store_B,123,5679.6
2025-01-01,SoftDrink,Store_B,232,8323.43
2025-01-01,Juice,Store_B,154,6270.95
2025-01-01,Snacks,Store_B,105,3905.63
2025-01-01,Beer,Store_C,224,10597.24
2025-01-01,SoftDrink,Store_C,142,5181.47
2025-01-01,Juice,Store_C,208,8233.47
2025-01-01,Snacks,Store_C,88,3445.71
2025-01-08,Beer,Store_A,210,10130.72
2025-01-08,SoftDrink,Store_A,92,3256.69
2025-01-08,Juice,Store_A,139,6679.82
2025-01-08,Snacks,Store_A,202,8665.89
2025-01-08,Beer,Store_B,193,7729.42
2025-01-08,SoftDrink,Store_B,203,7711.42
2025-01-08,Juice,Store_B,158,6421.73
2025-01-08,Snacks,Store_B,167,6750.15
2025-01-08,Beer,Store_C,238,11476.4
2025-01-08,SoftDrink,Store_C,86,4052.18
2025-01-08,Juice,Store_C,156,7198.6
2025-01-08,Snacks,Store_C,246,9075.03
2025-01-15,Beer,Store_A,220,8094.23
2025-01-15,SoftDrink,Store_A,201,7092.95
2025-01-15,Juice,Store_A,189,7134.99
2025-01-15,Snacks,Store_A,155,6139.32
2025-01-15,Beer,Store_B,192,6853.31
2025-01-15,SoftDrink,Store_B,227,9554.08
2025-01-15,Juice,Store_B,150,5558.54
2025-01-15,Snacks,Store_B,179,7322.43
2025-01-15,Beer,Store_C,206,10173.02
2025-01-15,SoftDrink,Store_C,139,5800.79
2025-01-15,Juice,Store_C,149,7176.27
2025-01-15,Snacks,Store_C,157,6662.72
2025-01-22,Beer,Store_A,230,8381.58
2025-01-22,SoftDrink,Store_A,162,5691.77
2025-01-22,Juice,Store_A,181,8889.6
2025-01-22,Snacks,Store_A,101,4675.05
2025-01-22,Beer,Store_B,93,4605.94
2025-01-22,SoftDrink,Store_B,146,5598.77
2025-01-22,Juice,Store_B,107,4465.48
2025-01-22,Snacks,Store_B,101,4521.78
2025-01-22,Beer,Store_C,113,5143.21
2025-01-22,SoftDrink,Store_C,132,5044.45
2025-01-22,Juice,Store_C,247,12077.54
2025-01-22,Snacks,Store_C,83,3453.65
2025-01-29,Beer,Store_A,248,9835.76
2025-01-29,SoftDrink,Store_A,161,6685.11
2025-01-29,Juice,Store_A,194,8362.06
2025-01-29,Snacks,Store_A,136,5301.28
2025-01-29,Beer,Store_B,209,8176.97
2025-01-29,SoftDrink,Store_B,133,4669.76
2025-01-29,Juice,Store_B,106,4520.7
2025-01-29,Snacks,Store_B,204,10181.53
2025-01-29,Beer,Store_C,138,5500.76
2025-01-29,SoftDrink,Store_C,125,5621.73
2025-01-29,Juice,Store_C,91,3272.5
2025-01-29,Snacks,Store_C,186,9127.77
2025-02-05,Beer,Store_A,175,8634.64
2025-02-05,SoftDrink,Store_A,99,3714.73
2025-02-05,Juice,Store_A,96,3854.71
2025-02-05,Snacks,Store_A,237,11354.26
2025-02-05,Beer,Store_B,127,6240.23
2025-02-05,SoftDrink,Store_B,189,8994.45
2025-02-05,Juice,Store_B,202,8992.24
2025-02-05,Snacks,Store_B,189,9242.88
2025-02-05,Beer,Store_C,85,4122.95
2025-02-05,SoftDrink,Store_C,108,4096.38
2025-02-05,Juice,Store_C,214,8713.7
2025-02-05,Snacks,Store_C,179,8329.97
2025-02-12,Beer,Store_A,205,7360.61
2025-02-12,SoftDrink,Store_A,218,10610.02
2025-02-12,Juice,Store_A,211,10298.04
2025-02-12,Snacks,Store_A,108,4011.38
2025-02-12,Beer,Store_B,160,7228.45
2025-02-12,SoftDrink,Store_B,210,8797.36
2025-02-12,Juice,Store_B,239,11385.23
2025-02-12,Snacks,Store_B,167,6951.45
2025-02-12,Beer,Store_C,203,9716.8
2025-02-12,SoftDrink,Store_C,118,5426.15
2025-02-12,Juice,Store_C,154,5490.01
2025-02-12,Snacks,Store_C,187,7883.33
2025-02-19,Beer,Store_A,97,4612.34
2025-02-19,SoftDrink,Store_A,192,9189.84
2025-02-19,Juice,Store_A,246,9729.46
2025-02-19,Snacks,Store_A,215,8811.18
2025-02-19,Beer,Store_B,101,3757.79
2025-02-19,SoftDrink,Store_B,165,7550.17
2025-02-19,Juice,Store_B,216,10238.44
2025-02-19,Snacks,Store_B,109,4607.96
2025-02-19,Beer,Store_C,158,6404.4
2025-02-19,SoftDrink,Store_C,217,10025.3
2025-02-19,Juice,Store_C,140,6249.69
2025-02-19,Snacks,Store_C,237,9459.8
2025-02-26,Beer,Store_A,93,4255.38
2025-02-26,SoftDrink,Store_A,139,5436.18
2025-02-26,Juice,Store_A,211,8847.25
2025-02-26,Snacks,Store_A,177,8562.58
2025-02-26,Beer,Store_B,147,6206.31
2025-02-26,SoftDrink,Store_B,142,5168.28
2025-02-26,Juice,Store_B,93,3860.65
2025-02-26,Snacks,Store_B,237,8483.57
2025-02-26,Beer,Store_C,211,9092.33
2025-02-26,SoftDrink,Store_C,125,4800.95
2025-02-26,Juice,Store_C,100,3714.95
2025-02-26,Snacks,Store_C,194,9216.36
2025-03-05,Beer,Store_A,107,3799.78
2025-03-05,SoftDrink,Store_A,88,3279.97
2025-03-05,Juice,Store_A,240,9556.58
2025-03-05,Snacks,Store_A,207,7323.27
2025-03-05,Beer,Store_B,105,4761.56
2025-03-05,SoftDrink,Store_B,122,5716.01
2025-03-05,Juice,Store_B,220,10974.78
2025-03-05,Snacks,Store_B,174,7940.75
2025-03-05,Beer,Store_C,90,4398.44
2025-03-05,SoftDrink,Store_C,115,4169.45
2025-03-05,Juice,Store_C,93,3995.94
2025-03-05,Snacks,Store_C,155,5678.62
2025-03-12,Beer,Store_A,209,7521.46
2025-03-12,SoftDrink,Store_A,118,5097.71
2025-03-12,Juice,Store_A,222,8357.99
2025-03-12,Snacks,Store_A,216,8802.33
2025-03-12,Beer,Store_B,100,3769.74
2025-03-12,SoftDrink,Store_B,164,7299.14
2025-03-12,Juice,Store_B,235,8795.68
2025-03-12,Snacks,Store_B,181,6893.5
2025-03-12,Beer,Store_C,168,6894.57
2025-03-12,SoftDrink,Store_C,175,6888.18
2025-03-12,Juice,Store_C,97,4789.95
2025-03-12,Snacks,Store_C,118,4748.51
2025-03-19,Beer,Store_A,106,4913.18
2025-03-19,SoftDrink,Store_A,237,11374.64
2025-03-19,Juice,Store_A,222,9807.11
2025-03-19,Snacks,Store_A,206,8819.59
2025-03-19,Beer,Store_B,230,11075.65
2025-03-19,SoftDrink,Store_B,218,7814.22
2025-03-19,Juice,Store_B,124,5911.39
2025-03-19,Snacks,Store_B,100,4389.23
2025-03-19,Beer,Store_C,246,9639.27
2025-03-19,SoftDrink,Store_C,249,10065.88
2025-03-19,Juice,Store_C,194,9021.83
2025-03-19,Snacks,Store_C,161,7996.92
2025-03-26,Beer,Store_A,121,4711.45
2025-03-26,SoftDrink,Store_A,221,9051.26
2025-03-26,Juice,Store_A,152,7445.53
2025-03-26,Snacks,Store_A,201,7409.73
2025-03-26,Beer,Store_B,240,10824.21
2025-03-26,SoftDrink,Store_B,189,7467.06
2025-03-26,Juice,Store_B,206,8228.67
2025-03-26,Snacks,Store_B,146,5198.71
2025-03-26,Beer,Store_C,211,10023.59
2025-03-26,SoftDrink,Store_C,180,7457.24
2025-03-26,Juice,Store_C,182,7824.58
2025-03-26,Snacks,Store_C,109,4871.95
2025-04-02,Beer,Store_A,229,10190.13
2025-04-02,SoftDrink,Store_A,138,4893.06
2025-04-02,Juice,Store_A,195,8187.28
2025-04-02,Snacks,Store_A,142,4977.47
2025-04-02,Beer,Store_B,205,7308.81
2025-04-02,SoftDrink,Store_B,239,9103.24
2025-04-02,Juice,Store_B,154,7192.45
2025-04-02,Snacks,Store_B,234,11292.02
2025-04-02,Beer,Store_C,97,3410.05
2025-04-02,SoftDrink,Store_C,214,8059.26
2025-04-02,Juice,Store_C,144,6089.63
2025-04-02,Snacks,Store_C,81,3761.67
2025-04-09,Beer,Store_A,147,5535.97
2025-04-09,SoftDrink,Store_A,215,7931.71
2025-04-09,Juice,Store_A,111,5076.74
2025-04-09,Snacks,Store_A,152,6613.02
2025-04-09,Beer,Store_B,84,3855.8
2025-04-09,SoftDrink,Store_B,116,4807.07
2025-04-09,Juice,Store_B,222,8208.66
2025-04-09,Snacks,Store_B,111,4931.31
2025-04-09,Beer,Store_C,91,3534.88
2025-04-09,SoftDrink,Store_C,106,4713.89
2025-04-09,Juice,Store_C,124,5920.88
2025-04-09,Snacks,Store_C,174,6258.82
2025-04-16,Beer,Store_A,95,4045.64
2025-04-16,SoftDrink,Store_A,110,4643.19
2025-04-16,Juice,Store_A,135,6709.71
2025-04-16,Snacks,Store_A,112,4864.94
2025-04-16,Beer,Store_B,155,6617.39
2025-04-16,SoftDrink,Store_B,170,6386.27
2025-04-16,Juice,Store_B,152,6523.55
2025-04-16,Snacks,Store_B,91,4394.77
2025-04-16,Beer,Store_C,214,7657.53
2025-04-16,SoftDrink,Store_C,240,8445.78
2025-04-16,Juice,Store_C,99,3690.78
2025-04-16,Snacks,Store_C,101,4087.65
2025-04-23,Beer,Store_A,101,3929.65
2025-04-23,SoftDrink,Store_A,110,5190.71
2025-04-23,Juice,Store_A,104,4997.91
2025-04-23,Snacks,Store_A,107,3824.16
2025-04-23,Beer,Store_B,154,6823.71
2025-04-23,SoftDrink,Store_B,198,9339.96
2025-04-23,Juice,Store_B,153,5454.46
2025-04-23,Snacks,Store_B,192,7547.86
2025-04-23,Beer,Store_C,81,3771.09
2025-04-23,SoftDrink,Store_C,226,9817.51
2025-04-23,Juice,Store_C,92,3599.55
2025-04-23,Snacks,Store_C,203,9959.35
2025-04-30,Beer,Store_A,194,7310.51
2025-04-30,SoftDrink,Store_A,214,8182.8
2025-04-30,Juice,Store_A,225,9709.41
2025-04-30,Snacks,Store_A,156,7496.49
2025-04-30,Beer,Store_B,171,6949.24
2025-04-30,SoftDrink,Store_B,173,6373.21
2025-04-30,Juice,Store_B,212,9600.88
2025-04-30,Snacks,Store_B,163,6293.14
2025-04-30,Beer,Store_C,145,6901.45
2025-04-30,SoftDrink,Store_C,178,7977.1
2025-04-30,Juice,Store_C,82,2886.0
2025-04-30,Snacks,Store_C,217,10125.08
2025-05-07,Beer,Store_A,87,3681.14
2025-05-07,SoftDrink,Store_A,136,5695.95
2025-05-07,Juice,Store_A,98,4235.51
2025-05-07,Snacks,Store_A,125,5471.79
2025-05-07,Beer,Store_B,178,7596.11
2025-05-07,SoftDrink,Store_B,211,7683.2
2025-05-07,Juice,Store_B,115,5489.21
2025-05-07,Snacks,Store_B,123,5149.38
2025-05-07,Beer,Store_C,117,4101.77
2025-05-07,SoftDrink,Store_C,204,8891.77
2025-05-07,Juice,Store_C,180,8935.01
2025-05-07,Snacks,Store_C,111,5160.59
2025-05-14,Beer,Store_A,208,7492.82
2025-05-14,SoftDrink,Store_A,161,6256.67
2025-05-14,Juice,Store_A,166,6792.99
2025-05-14,Snacks,Store_A,137,6715.87
2025-05-14,Beer,Store_B,235,9572.62
2025-05-14,SoftDrink,Store_B,227,9631.86
2025-05-14,Juice,Store_B,192,8211.09
2025-05-14,Snacks,Store_B,179,8233.72
2025-05-14,Beer,Store_C,117,5033.68
2025-05-14,SoftDrink,Store_C,213,10572.53
2025-05-14,Juice,Store_C,183,7527.41
2025-05-14,Snacks,Store_C,180,6726.61
2025-05-21,Beer,Store_A,111,4143.45
2025-05-21,SoftDrink,Store_A,178,8165.83
2025-05-21,Juice,Store_A,130,6417.29
2025-05-21,Snacks,Store_A,80,3287.67
2025-05-21,Beer,Store_B,91,3914.27
2025-05-21,SoftDrink,Store_B,184,7721.83
2025-05-21,Juice,Store_B,237,9545.03
2025-05-21,Snacks,Store_B,226,11255.19
2025-05-21,Beer,Store_C,158,6621.51
2025-05-21,SoftDrink,Store_C,141,6325.04
2025-05-21,Juice,Store_C,242,10584.21
2025-05-21,Snacks,Store_C,194,9411.24
2025-05-28,Beer,Store_A,239,9082.41
2025-05-28,SoftDrink,Store_A,224,9500.92
2025-05-28,Juice,Store_A,107,5110.56
2025-05-28,Snacks,Store_A,183,7093.83
2025-05-28,Beer,Store_B,112,5512.83
2025-05-28,SoftDrink,Store_B,113,5595.54
2025-05-28,Juice,Store_B,147,5221.27
2025-05-28,Snacks,Store_B,160,6520.97
2025-05-28,Beer,Store_C,132,4711.85
2025-05-28,SoftDrink,Store_C,97,3605.5
2025-05-28,Juice,Store_C,172,7809.62
2025-05-28,Snacks,Store_C,222,10788.38
2025-06-04,Beer,Store_A,116,5146.82
2025-06-04,SoftDrink,Store_A,190,9454.1
2025-06-04,Juice,Store_A,229,10502.84
2025-06-04,Snacks,Store_A,124,6132.53
2025-06-04,Beer,Store_B,168,7176.24
2025-06-04,SoftDrink,Store_B,227,8592.06
2025-06-04,Juice,Store_B,80,2986.29
2025-06-04,Snacks,Store_B,192,8589.21
2025-06-04,Beer,Store_C,127,5002.43
2025-06-04,SoftDrink,Store_C,152,6636.03
2025-06-04,Juice,Store_C,162,6459.44
2025-06-04,Snacks,Store_C,86,3020.13
2025-06-11,Beer,Store_A,127,4793.97
2025-06-11,SoftDrink,Store_A,241,9758.12
2025-06-11,Juice,Store_A,134,4968.76
2025-06-11,Snacks,Store_A,195,8047.28
2025-06-11,Beer,Store_B,249,10410.74
2025-06-11,SoftDrink,Store_B,139,6486.87
2025-06-11,Juice,Store_B,238,8352.82
2025-06-11,Snacks,Store_B,138,5724.24
2025-06-11,Beer,Store_C,95,4422.11
2025-06-11,SoftDrink,Store_C,84,3085.69
2025-06-11,Juice,Store_C,217,9873.14
2025-06-11,Snacks,Store_C,181,8239.0
2025-06-18,Beer,Store_A,180,8016.33
2025-06-18,SoftDrink,Store_A,170,8469.92
2025-06-18,Juice,Store_A,152,5571.41
2025-06-18,Snacks,Store_A,194,9651.48
2025-06-18,Beer,Store_B,185,7637.18
2025-06-18,SoftDrink,Store_B,101,4243.56
2025-06-18,Juice,Store_B,233,10817.5
2025-06-18,Snacks,Store_B,228,9008.62
2025-06-18,Beer,Store_C,159,7573.94
2025-06-18,SoftDrink,Store_C,240,10867.28
2025-06-18,Juice,Store_C,212,8251.2
2025-06-18,Snacks,Store_C,215,9735.72
2025-06-25,Beer,Store_A,83,3915.37
2025-06-25,SoftDrink,Store_A,134,5697.39
2025-06-25,Juice,Store_A,127,5461.04
2025-06-25,Snacks,Store_A,111,5159.54
2025-06-25,Beer,Store_B,120,4633.75
2025-06-25,SoftDrink,Store_B,90,3836.13
2025-06-25,Juice,Store_B,153,7600.51
2025-06-25,Snacks,Store_B,224,9774.49
2025-06-25,Beer,Store_C,211,9773.98
2025-06-25,SoftDrink,Store_C,194,8445.62
2025-06-25,Juice,Store_C,91,3862.97
2025-06-25,Snacks,Store_C,144,5252.03
2025-07-02,Beer,Store_A,219,8608.1
2025-07-02,SoftDrink,Store_A,128,5689.01
2025-07-02,Juice,Store_A,183,9042.18
2025-07-02,Snacks,Store_A,157,7833.26
2025-07-02,Beer,Store_B,234,8343.72
2025-07-02,SoftDrink,Store_B,180,8325.83
2025-07-02,Juice,Store_B,135,4920.98
2025-07-02,Snacks,Store_B,163,5843.97
2025-07-02,Beer,Store_C,102,4210.4
2025-07-02,SoftDrink,Store_C,209,10200.15
2025-07-02,Juice,Store_C,205,9237.07
2025-07-02,Snacks,Store_C,229,11198.26
2025-07-09,Beer,Store_A,199,7710.43
2025-07-09,SoftDrink,Store_A,124,5098.79
2025-07-09,Juice,Store_A,182,7496.54
2025-07-09,Snacks,Store_A,134,4698.16
2025-07-09,Beer,Store_B,173,8033.38
2025-07-09,SoftDrink,Store_B,162,5812.43
2025-07-09,Juice,Store_B,152,6472.59
2025-07-09,Snacks,Store_B,165,5996.99
2025-07-09,Beer,Store_C,122,5987.7
2025-07-09,SoftDrink,Store_C,207,8451.18
2025-07-09,Juice,Store_C,178,7541.04
2025-07-09,Snacks,Store_C,113,4898.2
2025-07-16,Beer,Store_A,152,5368.86
2025-07-16,SoftDrink,Store_A,115,5321.68
2025-07-16,Juice,Store_A,160,7126.58
2025-07-16,Snacks,Store_A,202,10027.54
2025-07-16,Beer,Store_B,184,6484.59
2025-07-16,SoftDrink,Store_B,116,4068.53
2025-07-16,Juice,Store_B,108,4457.58
2025-07-16,Snacks,Store_B,186,9204.2
2025-07-16,Beer,Store_C,99,3803.72
2025-07-16,SoftDrink,Store_C,177,6730.18
2025-07-16,Juice,Store_C,241,9849.08
2025-07-16,Snacks,Store_C,157,6358.7
2025-07-23,Beer,Store_A,82,4033.73
2025-07-23,SoftDrink,Store_A,137,5491.14
2025-07-23,Juice,Store_A,159,5698.39
2025-07-23,Snacks,Store_A,110,3908.42
2025-07-23,Beer,Store_B,84,4199.62
2025-07-23,SoftDrink,Store_B,109,4568.23
2025-07-23,Juice,Store_B,139,5696.04
2025-07-23,Snacks,Store_B,169,6773.83
2025-07-23,Beer,Store_C,180,6594.25
2025-07-23,SoftDrink,Store_C,200,7765.09
2025-07-23,Juice,Store_C,239,10175.05
2025-07-23,Snacks,Store_C,135,6686.92
2025-07-30,Beer,Store_A,245,9694.2
2025-07-30,SoftDrink,Store_A,198,8255.31
2025-07-30,Juice,Store_A,246,12298.59
2025-07-30,Snacks,Store_A,150,5422.41
2025-07-30,Beer,Store_B,188,8180.47
2025-07-30,SoftDrink,Store_B,140,5903.94
2025-07-30,Juice,Store_B,142,6075.72
2025-07-30,Snacks,Store_B,123,5959.44
2025-07-30,Beer,Store_C,116,4706.25
2025-07-30,SoftDrink,Store_C,110,4221.1
2025-07-30,Juice,Store_C,241,10504.53
2025-07-30,Snacks,Store_C,176,6263.44
2025-08-06,Beer,Store_A,245,9566.99
2025-08-06,SoftDrink,Store_A,147,5412.52
2025-08-06,Juice,Store_A,193,8746.43
2025-08-06,Snacks,Store_A,137,5712.58
2025-08-06,Beer,Store_B,91,3556.91
2025-08-06,SoftDrink,Store_B,176,7070.88
2025-08-06,Juice,Store_B,218,9801.76
2025-08-06,Snacks,Store_B,127,5621.79
2025-08-06,Beer,Store_C,186,8007.1
2025-08-06,SoftDrink,Store_C,226,10470.45
2025-08-06,Juice,Store_C,206,7684.75
2025-08-06,Snacks,Store_C,169,6554.22
2025-08-13,Beer,Store_A,155,7717.13
2025-08-13,SoftDrink,Store_A,228,10506.97
2025-08-13,Juice,Store_A,143,5423.43
2025-08-13,Snacks,Store_A,211,9294.44
2025-08-13,Beer,Store_B,124,6189.04
2025-08-13,SoftDrink,Store_B,235,9581.56
2025-08-13,Juice,Store_B,84,3928.71
2025-08-13,Snacks,Store_B,85,4006.73
2025-08-13,Beer,Store_C,124,6050.75
2025-08-13,SoftDrink,Store_C,161,7402.87
2025-08-13,Juice,Store_C,160,7563.35
2025-08-13,Snacks,Store_C,226,10068.4
2025-08-20,Beer,Store_A,104,3828.69
2025-08-20,SoftDrink,Store_A,221,9197.22
2025-08-20,Juice,Store_A,196,7847.16
2025-08-20,Snacks,Store_A,138,6014.15
2025-08-20,Beer,Store_B,80,3962.59
2025-08-20,SoftDrink,Store_B,109,4977.94
2025-08-20,Juice,Store_B,84,3848.41
2025-08-20,Snacks,Store_B,185,9044.97
2025-08-20,Beer,Store_C,171,7587.18
2025-08-20,SoftDrink,Store_C,86,3441.07
2025-08-20,Juice,Store_C,132,6498.78
2025-08-20,Snacks,Store_C,187,8645.2
2025-08-27,Beer,Store_A,214,8593.77
2025-08-27,SoftDrink,Store_A,170,7207.57
2025-08-27,Juice,Store_A,143,5026.44
2025-08-27,Snacks,Store_A,103,4139.41
2025-08-27,Beer,Store_B,82,4099.6
2025-08-27,SoftDrink,Store_B,85,3448.61
2025-08-27,Juice,Store_B,166,8125.96
2025-08-27,Snacks,Store_B,218,10469.37
2025-08-27,Beer,Store_C,105,4703.62
2025-08-27,SoftDrink,Store_C,138,6717.41
2025-08-27,Juice,Store_C,222,7845.17
2025-08-27,Snacks,Store_C,171,7964.47
2025-09-03,Beer,Store_A,218,8385.03
2025-09-03,SoftDrink,Store_A,81,3491.12
2025-09-03,Juice,Store_A,95,4564.95
2025-09-03,Snacks,Store_A,118,4287.38
2025-09-03,Beer,Store_B,148,6261.78
2025-09-03,SoftDrink,Store_B,143,5746.33
2025-09-03,Juice,Store_B,97,4201.99
2025-09-03,Snacks,Store_B,109,4325.92
2025-09-03,Beer,Store_C,93,4628.97
2025-09-03,SoftDrink,Store_C,213,8611.33
2025-09-03,Juice,Store_C,203,8545.12
2025-09-03,Snacks,Store_C,207,9828.74
2025-09-10,Beer,Store_A,106,4843.26
2025-09-10,SoftDrink,Store_A,121,4573.98
2025-09-10,Juice,Store_A,120,5788.17
2025-09-10,Snacks,Store_A,249,10063.28
2025-09-10,Beer,Store_B,179,7329.77
2025-09-10,SoftDrink,Store_B,145,5803.51
2025-09-10,Juice,Store_B,246,8814.53
2025-09-10,Snacks,Store_B,215,10138.88
2025-09-10,Beer,Store_C,137,6306.38
2025-09-10,SoftDrink,Store_C,222,9412.92
2025-09-10,Juice,Store_C,203,10005.34
2025-09-10,Snacks,Store_C,98,3487.43
2025-09-17,Beer,Store_A,244,12044.43
2025-09-17,SoftDrink,Store_A,118,5147.87
2025-09-17,Juice,Store_A,218,7877.42
2025-09-17,Snacks,Store_A,208,7308.55
2025-09-17,Beer,Store_B,231,11470.45
2025-09-17,SoftDrink,Store_B,145,5413.12
2025-09-17,Juice,Store_B,105,4562.59
2025-09-17,Snacks,Store_B,205,8425.81
2025-09-17,Beer,Store_C,225,10407.4
2025-09-17,SoftDrink,Store_C,111,5184.05
2025-09-17,Juice,Store_C,123,5173.81
2025-09-17,Snacks,Store_C,233,10372.56
2025-09-24,Beer,Store_A,98,4349.99
2025-09-24,SoftDrink,Store_A,235,8952.36
2025-09-24,Juice,Store_A,112,4564.71
2025-09-24,Snacks,Store_A,228,10579.11
2025-09-24,Beer,Store_B,93,4395.03
2025-09-24,SoftDrink,Store_B,127,6062.34
2025-09-24,Juice,Store_B,236,10660.6
2025-09-24,Snacks,Store_B,103,3691.56
2025-09-24,Beer,Store_C,218,7663.88
2025-09-24,SoftDrink,Store_C,124,5816.39
2025-09-24,Juice,Store_C,130,5697.89
2025-09-24,Snacks,Store_C,239,11651.47
2025-10-01,Beer,Store_A,139,6740.65
2025-10-01,SoftDrink,Store_A,153,6546.67
2025-10-01,Juice,Store_A,184,8912.48
2025-10-01,Snacks,Store_A,153,6096.36
2025-10-01,Beer,Store_B,209,8402.93
2025-10-01,SoftDrink,Store_B,88,3567.76
2025-10-01,Juice,Store_B,85,4116.46
2025-10-01,Snacks,Store_B,176,8713.97
2025-10-01,Beer,Store_C,96,4733.71
2025-10-01,SoftDrink,Store_C,167,7218.5
2025-10-01,Juice,Store_C,92,4523.52
2025-10-01,Snacks,Store_C,101,4647.38
2025-10-08,Beer,Store_A,154,5857.71
2025-10-08,SoftDrink,Store_A,105,4101.19
2025-10-08,Juice,Store_A,88,4385.6
2025-10-08,Snacks,Store_A,125,4478.86
2025-10-08,Beer,Store_B,204,8892.69
2025-10-08,SoftDrink,Store_B,129,5969.75
2025-10-08,Juice,Store_B,221,8476.35
2025-10-08,Snacks,Store_B,151,5802.71
2025-10-08,Beer,Store_C,160,6036.95
2025-10-08,SoftDrink,Store_C,126,4934.59
2025-10-08,Juice,Store_C,229,9443.78
2025-10-08,Snacks,Store_C,105,4555.25
2025-10-15,Beer,Store_A,220,7754.71
2025-10-15,SoftDrink,Store_A,190,8309.45
2025-10-15,Juice,Store_A,157,5938.06
2025-10-15,Snacks,Store_A,81,3957.1
2025-10-15,Beer,Store_B,201,9329.53
2025-10-15,SoftDrink,Store_B,237,8670.74
2025-10-15,Juice,Store_B,96,3726.4
2025-10-15,Snacks,Store_B,151,7481.76
2025-10-15,Beer,Store_C,94,4445.41
2025-10-15,SoftDrink,Store_C,182,6713.46
2025-10-15,Juice,Store_C,208,7616.84
2025-10-15,Snacks,Store_C,121,5451.24
2025-10-22,Beer,Store_A,89,3486.9
2025-10-22,SoftDrink,Store_A,197,7405.62
2025-10-22,Juice,Store_A,155,5958.27
2025-10-22,Snacks,Store_A,248,12306.3
2025-10-22,Beer,Store_B,226,9729.43
2025-10-22,SoftDrink,Store_B,113,5410.09
2025-10-22,Juice,Store_B,225,9879.24
2025-10-22,Snacks,Store_B,212,10465.4
2025-10-22,Beer,Store_C,132,5386.2
2025-10-22,SoftDrink,Store_C,212,10151.01
2025-10-22,Juice,Store_C,178,6492.5
2025-10-22,Snacks,Store_C,236,9972.6
2025-10-29,Beer,Store_A,123,4561.95
2025-10-29,SoftDrink,Store_A,247,11276.97
2025-10-29,Juice,Store_A,121,5435.62
2025-10-29,Snacks,Store_A,155,7480.14
2025-10-29,Beer,Store_B,187,9332.02
2025-10-29,SoftDrink,Store_B,147,6456.97
2025-10-29,Juice,Store_B,108,5249.48
2025-10-29,Snacks,Store_B,226,7968.33
2025-10-29,Beer,Store_C,222,10278.43
2025-10-29,SoftDrink,Store_C,212,9944.95
2025-10-29,Juice,Store_C,132,5547.13
2025-10-29,Snacks,Store_C,210,7548.61
2025-11-05,Beer,Store_A,133,5075.14
2025-11-05,SoftDrink,Store_A,244,10691.87
2025-11-05,Juice,Store_A,224,8462.22
2025-11-05,Snacks,Store_A,247,9006.62
2025-11-05,Beer,Store_B,166,7867.93
2025-11-05,SoftDrink,Store_B,177,8097.69
2025-11-05,Juice,Store_B,82,3318.87
2025-11-05,Snacks,Store_B,115,4472.9
2025-11-05,Beer,Store_C,218,9600.32
2025-11-05,SoftDrink,Store_C,106,4710.26
2025-11-05,Juice,Store_C,227,8157.35
2025-11-05,Snacks,Store_C,83,3807.88
2025-11-12,Beer,Store_A,221,9757.69
2025-11-12,SoftDrink,Store_A,180,6658.65
2025-11-12,Juice,Store_A,166,7750.74
2025-11-12,Snacks,Store_A,108,4255.01
2025-11-12,Beer,Store_B,237,9170.91
2025-11-12,SoftDrink,Store_B,232,10563.02
2025-11-12,Juice,Store_B,213,10249.69
2025-11-12,Snacks,Store_B,182,7673.3
2025-11-12,Beer,Store_C,127,4925.17
2025-11-12,SoftDrink,Store_C,131,4610.52
2025-11-12,Juice,Store_C,174,6488.01
2025-11-12,Snacks,Store_C,143,6514.63
2025-11-19,Beer,Store_A,107,3976.08
2025-11-19,SoftDrink,Store_A,118,5698.3
2025-11-19,Juice,Store_A,82,3649.98
2025-11-19,Snacks,Store_A,157,7499.58
2025-11-19,Beer,Store_B,90,4064.7
2025-11-19,SoftDrink,Store_B,148,6557.78
2025-11-19,Juice,Store_B,247,9934.78
2025-11-19,Snacks,Store_B,114,5179.61
2025-11-19,Beer,Store_C,98,4269.09
2025-11-19,SoftDrink,Store_C,175,6307.43
2025-11-19,Juice,Store_C,131,5710.07
2025-11-19,Snacks,Store_C,109,4091.18
2025-11-26,Beer,Store_A,212,10516.21
2025-11-26,SoftDrink,Store_A,126,5542.57
2025-11-26,Juice,Store_A,97,3708.32
2025-11-26,Snacks,Store_A,141,5029.55
2025-11-26,Beer,Store_B,152,6178.59
2025-11-26,SoftDrink,Store_B,196,7886.02
2025-11-26,Juice,Store_B,144,6718.32
2025-11-26,Snacks,Store_B,233,10469.06
2025-11-26,Beer,Store_C,112,5120.37
2025-11-26,SoftDrink,Store_C,153,5513.6
2025-11-26,Juice,Store_C,120,5274.25
2025-11-26,Snacks,Store_C,194,8309.13
2025-12-03,Beer,Store_A,150,5957.63
2025-12-03,SoftDrink,Store_A,93,3463.4
2025-12-03,Juice,Store_A,219,10703.19
2025-12-03,Snacks,Store_A,158,5790.82
2025-12-03,Beer,Store_B,134,5138.14
2025-12-03,SoftDrink,Store_B,117,4909.89
2025-12-03,Juice,Store_B,233,9240.65
2025-12-03,Snacks,Store_B,189,9067.47
2025-12-03,Beer,Store_C,142,6883.93
2025-12-03,SoftDrink,Store_C,181,6700.96
2025-12-03,Juice,Store_C,143,6450.57
2025-12-03,Snacks,Store_C,110,3934.93
2025-12-10,Beer,Store_A,141,6095.91
2025-12-10,SoftDrink,Store_A,109,4281.63
2025-12-10,Juice,Store_A,217,8030.4
2025-12-10,Snacks,Store_A,198,7996.8
2025-12-10,Beer,Store_B,245,11867.18
2025-12-10,SoftDrink,Store_B,203,9637.98
2025-12-10,Juice,Store_B,168,7237.47
2025-12-10,Snacks,Store_B,144,6119.49
2025-12-10,Beer,Store_C,170,7922.71
2025-12-10,SoftDrink,Store_C,111,5459.92
2025-12-10,Juice,Store_C,174,8675.48
2025-12-10,Snacks,Store_C,226,8252.28
2025-12-17,Beer,Store_A,106,4871.38
2025-12-17,SoftDrink,Store_A,185,8462.23
2025-12-17,Juice,Store_A,214,10416.76
2025-12-17,Snacks,Store_A,209,9667.32
2025-12-17,Beer,Store_B,150,5487.51
2025-12-17,SoftDrink,Store_B,189,9111.88
2025-12-17,Juice,Store_B,204,7196.48
2025-12-17,Snacks,Store_B,147,6173.17
2025-12-17,Beer,Store_C,132,6019.53
2025-12-17,SoftDrink,Store_C,147,5945.89
2025-12-17,Juice,Store_C,242,9818.47
2025-12-17,Snacks,Store_C,211,7448.35
2025-12-24,Beer,Store_A,147,6573.34
2025-12-24,SoftDrink,Store_A,152,7403.94
2025-12-24,Juice,Store_A,248,10722.43
2025-12-24,Snacks,Store_A,230,11111.47
2025-12-24,Beer,Store_B,93,4027.16
2025-12-24,SoftDrink,Store_B,169,7701.82
2025-12-24,Juice,Store_B,201,7936.3
2025-12-24,Snacks,Store_B,162,6067.34
2025-12-24,Beer,Store_C,96,4680.37
2025-12-24,SoftDrink,Store_C,117,5396.56
2025-12-24,Juice,Store_C,143,5351.61
2025-12-24,Snacks,Store_C,220,9147.02
2025-12-31,Beer,Store_A,225,10365.7
2025-12-31,SoftDrink,Store_A,208,9142.72
2025-12-31,Juice,Store_A,147,5929.44
2025-12-31,Snacks,Store_A,230,11153.96
2025-12-31,Beer,Store_B,191,9306.0
2025-12-31,SoftDrink,Store_B,181,6352.69
2025-12-31,Juice,Store_B,160,7572.73
2025-12-31,Snacks,Store_B,154,7188.43
2025-12-31,Beer,Store_C,128,4950.03
2025-12-31,SoftDrink,Store_C,197,8899.15
2025-12-31,Juice,Store_C,162,7418.75
2025-12-31,Snacks,Store_C,247,10461.01
2026-01-07,Beer,Store_A,198,7157.81
2026-01-07,SoftDrink,Store_A,223,8146.53
2026-01-07,Juice,Store_A,229,8319.13
2026-01-07,Snacks,Store_A,140,6227.14
2026-01-07,Beer,Store_B,142,5991.46
2026-01-07,SoftDrink,Store_B,103,4961.04
2026-01-07,Juice,Store_B,109,5376.97
2026-01-07,Snacks,Store_B,115,4798.48
2026-01-07,Beer,Store_C,152,7212.49
2026-01-07,SoftDrink,Store_C,223,10088.64
2026-01-07,Juice,Store_C,246,11897.03
2026-01-07,Snacks,Store_C,115,5236.73
2026-01-14,Beer,Store_A,162,7703.93
2026-01-14,SoftDrink,Store_A,96,3867.97
2026-01-14,Juice,Store_A,111,4787.54
2026-01-14,Snacks,Store_A,171,7494.85
2026-01-14,Beer,Store_B,201,9420.74
2026-01-14,SoftDrink,Store_B,232,10828.15
2026-01-14,Juice,Store_B,154,7573.57
2026-01-14,Snacks,Store_B,187,9319.47
2026-01-14,Beer,Store_C,128,4744.34
2026-01-14,SoftDrink,Store_C,111,5322.53
2026-01-14,Juice,Store_C,211,7882.93
2026-01-14,Snacks,Store_C,112,5507.35
2026-01-21,Beer,Store_A,188,6635.96
2026-01-21,SoftDrink,Store_A,218,10366.69
2026-01-21,Juice,Store_A,216,9817.27
2026-01-21,Snacks,Store_A,125,5827.77
2026-01-21,Beer,Store_B,246,9355.63
2026-01-21,SoftDrink,Store_B,156,6117.25
2026-01-21,Juice,Store_B,140,5557.0
2026-01-21,Snacks,Store_B,205,7443.92
2026-01-21,Beer,Store_C,184,7373.65
2026-01-21,SoftDrink,Store_C,247,10287.98
2026-01-21,Juice,Store_C,180,7746.53
2026-01-21,Snacks,Store_C,102,4507.85
2026-01-28,Beer,Store_A,136,6590.48
2026-01-28,SoftDrink,Store_A,213,8092.67
2026-01-28,Juice,Store_A,216,10207.7
2026-01-28,Snacks,Store_A,169,7664.65
2026-01-28,Beer,Store_B,210,8903.72
2026-01-28,SoftDrink,Store_B,149,5764.7
2026-01-28,Juice,Store_B,91,3519.74
2026-01-28,Snacks,Store_B,159,7628.05
2026-01-28,Beer,Store_C,214,8888.1
2026-01-28,SoftDrink,Store_C,198,9064.05
2026-01-28,Juice,Store_C,120,5250.34
2026-01-28,Snacks,Store_C,186,6658.92
2026-02-04,Beer,Store_A,98,4391.35
2026-02-04,SoftDrink,Store_A,238,10377.42
2026-02-04,Juice,Store_A,221,9977.37
2026-02-04,Snacks,Store_A,108,5179.23
2026-02-04,Beer,Store_B,143,5874.81
2026-02-04,SoftDrink,Store_B,248,8826.88
2026-02-04,Juice,Store_B,143,5689.19
2026-02-04,Snacks,Store_B,173,6846.89
2026-02-04,Beer,Store_C,237,9997.61
2026-02-04,SoftDrink,Store_C,161,7623.75
2026-02-04,Juice,Store_C,229,8025.63
2026-02-04,Snacks,Store_C,205,8641.6
2026-02-11,Beer,Store_A,119,4451.78
2026-02-11,SoftDrink,Store_A,193,9378.53
2026-02-11,Juice,Store_A,154,6875.92
2026-02-11,Snacks,Store_A,194,8849.45
2026-02-11,Beer,Store_B,82,3209.45
2026-02-11,SoftDrink,Store_B,135,5179.22
2026-02-11,Juice,Store_B,138,6177.32
2026-02-11,Snacks,Store_B,119,4288.33
2026-02-11,Beer,Store_C,192,9057.56
2026-02-11,SoftDrink,Store_C,128,6095.53
2026-02-11,Juice,Store_C,236,8264.45
2026-02-11,Snacks,Store_C,103,4411.5
2026-02-18,Beer,Store_A,105,4778.56
2026-02-18,SoftDrink,Store_A,89,4434.52
2026-02-18,Juice,Store_A,237,10790.02
2026-02-18,Snacks,Store_A,220,8900.57
2026-02-18,Beer,Store_B,229,9436.62
2026-02-18,SoftDrink,Store_B,103,4449.51
2026-02-18,Juice,Store_B,95,4242.72
2026-02-18,Snacks,Store_B,230,10189.9
2026-02-18,Beer,Store_C,80,3973.32
2026-02-18,SoftDrink,Store_C,218,9278.78
2026-02-18,Juice,Store_C,144,5285.71
2026-02-18,Snacks,Store_C,195,8439.79
2026-02-25,Beer,Store_A,132,4757.09
2026-02-25,SoftDrink,Store_A,167,7890.92
2026-02-25,Juice,Store_A,236,9232.39
2026-02-25,Snacks,Store_A,172,8259.65
2026-02-25,Beer,Store_B,81,3720.77
2026-02-25,SoftDrink,Store_B,125,6112.24
2026-02-25,Juice,Store_B,122,6009.43
2026-02-25,Snacks,Store_B,85,4214.75
2026-02-25,Beer,Store_C,148,6798.87
2026-02-25,SoftDrink,Store_C,213,9973.04
2026-02-25,Juice,Store_C,241,11835.8
2026-02-25,Snacks,Store_C,202,7965.6
2026-03-04,Beer,Store_A,171,6847.25
2026-03-04,SoftDrink,Store_A,223,9530.99
2026-03-04,Juice,Store_A,134,4796.51
2026-03-04,Snacks,Store_A,216,8456.8
2026-03-04,Beer,Store_B,176,8593.51
2026-03-04,SoftDrink,Store_B,93,3773.74
2026-03-04,Juice,Store_B,196,6947.54
2026-03-04,Snacks,Store_B,84,3064.11
2026-03-04,Beer,Store_C,178,7549.81
2026-03-04,SoftDrink,Store_C,230,10564.35
2026-03-04,Juice,Store_C,243,12074.94
2026-03-04,Snacks,Store_C,221,7884.42
2026-03-11,Beer,Store_A,163,6678.72
2026-03-11,SoftDrink,Store_A,249,8971.98
2026-03-11,Juice,Store_A,85,4133.91
2026-03-11,Snacks,Store_A,138,6250.59
2026-03-11,Beer,Store_B,247,10595.02
2026-03-11,SoftDrink,Store_B,131,5052.16
2026-03-11,Juice,Store_B,136,5939.2
2026-03-11,Snacks,Store_B,166,6016.12
2026-03-11,Beer,Store_C,98,4823.47
2026-03-11,SoftDrink,Store_C,122,5944.81
2026-03-11,Juice,Store_C,145,5955.05
2026-03-11,Snacks,Store_C,210,8945.16
2026-03-18,Beer,Store_A,169,7244.24
2026-03-18,SoftDrink,Store_A,150,5614.68
2026-03-18,Juice,Store_A,164,7178.84
2026-03-18,Snacks,Store_A,228,10697.41
2026-03-18,Beer,Store_B,106,5251.2
2026-03-18,SoftDrink,Store_B,126,5482.65
2026-03-18,Juice,Store_B,99,4153.7
2026-03-18,Snacks,Store_B,140,6054.64
2026-03-18,Beer,Store_C,231,9829.68
2026-03-18,SoftDrink,Store_C,184,7424.04
2026-03-18,Juice,Store_C,224,9262.18
2026-03-18,Snacks,Store_C,163,5975.18
2026-03-25,Beer,Store_A,100,3875.09
2026-03-25,SoftDrink,Store_A,141,5780.88
2026-03-25,Juice,Store_A,96,3514.69
2026-03-25,Snacks,Store_A,152,6809.48
2026-03-25,Beer,Store_B,232,8374.19
2026-03-25,SoftDrink,Store_B,80,3188.26
2026-03-25,Juice,Store_B,248,10005.4
2026-03-25,Snacks,Store_B,195,9426.49
2026-03-25,Beer,Store_C,163,6699.71
2026-03-25,SoftDrink,Store_C,227,10984.86
2026-03-25,Juice,Store_C,140,6817.48
2026-03-25,Snacks,Store_C,235,11717.14
2026-04-01,Beer,Store_A,216,8719.67
2026-04-01,SoftDrink,Store_A,229,10680.2
2026-04-01,Juice,Store_A,120,5343.12
2026-04-01,Snacks,Store_A,133,6216.52
2026-04-01,Beer,Store_B,224,9126.3
2026-04-01,SoftDrink,Store_B,192,8155.11
2026-04-01,Juice,Store_B,132,6168.41
2026-04-01,Snacks,Store_B,201,8353.1
2026-04-01,Beer,Store_C,175,6700.01
2026-04-01,SoftDrink,Store_C,162,6842.03
2026-04-01,Juice,Store_C,218,9883.85
2026-04-01,Snacks,Store_C,103,4988.77
2026-04-08,Beer,Store_A,84,3238.07
2026-04-08,SoftDrink,Store_A,88,3565.89
2026-04-08,Juice,Store_A,97,4248.01
2026-04-08,Snacks,Store_A,117,4785.24
2026-04-08,Beer,Store_B,110,5454.93
2026-04-08,SoftDrink,Store_B,99,3722.53
2026-04-08,Juice,Store_B,219,8431.6
2026-04-08,Snacks,Store_B,137,5278.45
2026-04-08,Beer,Store_C,195,7461.4
2026-04-08,SoftDrink,Store_C,179,8197.88
2026-04-08,Juice,Store_C,130,5502.67
2026-04-08,Snacks,Store_C,182,7550.05
2026-04-15,Beer,Store_A,195,8043.27
2026-04-15,SoftDrink,Store_A,89,4043.18
2026-04-15,Juice,Store_A,168,7463.89
2026-04-15,Snacks,Store_A,111,5482.16
2026-04-15,Beer,Store_B,103,3672.15
2026-04-15,SoftDrink,Store_B,238,10210.98
2026-04-15,Juice,Store_B,115,5485.41
2026-04-15,Snacks,Store_B,193,7381.14
2026-04-15,Beer,Store_C,225,8864.05
2026-04-15,SoftDrink,Store_C,186,6982.89
2026-04-15,Juice,Store_C,247,9868.28
2026-04-15,Snacks,Store_C,158,6019.36
2026-04-22,Beer,Store_A,219,9027.8
2026-04-22,SoftDrink,Store_A,104,4425.04
2026-04-22,Juice,Store_A,160,7575.93
2026-04-22,Snacks,Store_A,196,7378.17
2026-04-22,Beer,Store_B,160,6805.15
2026-04-22,SoftDrink,Store_B,213,9044.43
2026-04-22,Juice,Store_B,190,8336.53
2026-04-22,Snacks,Store_B,127,5135.71
2026-04-22,Beer,Store_C,158,7039.29
2026-04-22,SoftDrink,Store_C,225,9385.31
2026-04-22,Juice,Store_C,105,4548.85
2026-04-22,Snacks,Store_C,244,10296.05
2026-04-29,Beer,Store_A,129,5699.73
2026-04-29,SoftDrink,Store_A,183,7137.46
2026-04-29,Juice,Store_A,218,8679.54
2026-04-29,Snacks,Store_A,93,3674.63
2026-04-29,Beer,Store_B,178,6517.3
2026-04-29,SoftDrink,Store_B,121,5986.15
2026-04-29,Juice,Store_B,182,7822.17
2026-04-29,Snacks,Store_B,102,3793.6
2026-04-29,Beer,Store_C,104,4683.24
2026-04-29,SoftDrink,Store_C,133,4852.21
2026-04-29,Juice,Store_C,231,11471.4
2026-04-29,Snacks,Store_C,140,6999.68
2026-05-06,Beer,Store_A,160,7984.38
2026-05-06,SoftDrink,Store_A,153,7649.33
2026-05-06,Juice,Store_A,156,7207.62
2026-05-06,Snacks,Store_A,151,7522.08
2026-05-06,Beer,Store_B,154,6596.36
2026-05-06,SoftDrink,Store_B,161,7882.84
2026-05-06,Juice,Store_B,127,5720.66
2026-05-06,Snacks,Store_B,134,5062.22
2026-05-06,Beer,Store_C,204,9422.85
2026-05-06,SoftDrink,Store_C,210,9968.11
2026-05-06,Juice,Store_C,155,6700.31
2026-05-06,Snacks,Store_C,96,4554.62
2026-05-13,Beer,Store_A,184,8764.51
2026-05-13,SoftDrink,Store_A,90,3982.79
2026-05-13,Juice,Store_A,147,7011.64
2026-05-13,Snacks,Store_A,242,11971.31
2026-05-13,Beer,Store_B,178,6763.19
2026-05-13,SoftDrink,Store_B,199,7427.01
2026-05-13,Juice,Store_B,221,8206.08
2026-05-13,Snacks,Store_B,195,7111.56
2026-05-13,Beer,Store_C,101,3885.25
2026-05-13,SoftDrink,Store_C,93,3276.18
2026-05-13,Juice,Store_C,97,4828.22
2026-05-13,Snacks,Store_C,200,9831.1
2026-05-20,Beer,Store_A,98,3832.09
2026-05-20,SoftDrink,Store_A,114,4668.05
2026-05-20,Juice,Store_A,80,3712.7
2026-05-20,Snacks,Store_A,206,8324.59
2026-05-20,Beer,Store_B,90,3692.8
2026-05-20,SoftDrink,Store_B,87,3075.71
2026-05-20,Juice,Store_B,198,7608.23
2026-05-20,Snacks,Store_B,112,4725.1
2026-05-20,Beer,Store_C,190,9407.4
2026-05-20,SoftDrink,Store_C,108,4927.87
2026-05-20,Juice,Store_C,154,6837.19
2026-05-20,Snacks,Store_C,220,8292.23
2026-05-27,Beer,Store_A,190,9101.5
2026-05-27,SoftDrink,Store_A,203,9957.42
2026-05-27,Juice,Store_A,204,9831.4
2026-05-27,Snacks,Store_A,132,5139.86
2026-05-27,Beer,Store_B,126,5952.15
2026-05-27,SoftDrink,Store_B,193,7480.22
2026-05-27,Juice,Store_B,203,8576.75
2026-05-27,Snacks,Store_B,91,3440.37
2026-05-27,Beer,Store_C,227,8232.85
2026-05-27,SoftDrink,Store_C,230,10457.95
2026-05-27,Juice,Store_C,232,10507.84
2026-05-27,Snacks,Store_C,119,5668.45
2026-06-03,Beer,Store_A,202,9586.19
2026-06-03,SoftDrink,Store_A,181,8811.55
2026-06-03,Juice,Store_A,237,10005.25
2026-06-03,Snacks,Store_A,148,6585.16
2026-06-03,Beer,Store_B,139,5492.92
2026-06-03,SoftDrink,Store_B,116,5350.33
2026-06-03,Juice,Store_B,90,4076.17
2026-06-03,Snacks,Store_B,219,8756.31
2026-06-03,Beer,Store_C,85,3877.71
2026-06-03,SoftDrink,Store_C,237,11794.88
2026-06-03,Juice,Store_C,143,6299.04
2026-06-03,Snacks,Store_C,110,4151.36
2026-06-10,Beer,Store_A,160,5931.84
2026-06-10,SoftDrink,Store_A,106,4904.23
2026-06-10,Juice,Store_A,98,4255.46
2026-06-10,Snacks,Store_A,81,3406.27
2026-06-10,Beer,Store_B,141,5303.25
2026-06-10,SoftDrink,Store_B,82,4037.95
2026-06-10,Juice,Store_B,230,11042.2
2026-06-10,Snacks,Store_B,222,10482.07
2026-06-10,Beer,Store_C,173,7487.0
2026-06-10,SoftDrink,Store_C,226,10227.77
2026-06-10,Juice,Store_C,106,4696.16
2026-06-10,Snacks,Store_C,196,8208.88
2026-06-17,Beer,Store_A,96,4219.91
2026-06-17,SoftDrink,Store_A,153,5927.67
2026-06-17,Juice,Store_A,102,4006.86
2026-06-17,Snacks,Store_A,147,6255.09
2026-06-17,Beer,Store_B,155,6839.76
2026-06-17,SoftDrink,Store_B,224,10419.69
2026-06-17,Juice,Store_B,201,9848.01
2026-06-17,Snacks,Store_B,184,8857.08
2026-06-17,Beer,Store_C,191,8603.84
2026-06-17,SoftDrink,Store_C,83,3206.72
2026-06-17,Juice,Store_C,170,7885.47
2026-06-17,Snacks,Store_C,113,4974.14
2026-06-24,Beer,Store_A,161,6143.0
2026-06-24,SoftDrink,Store_A,209,7995.97
2026-06-24,Juice,Store_A,230,8532.15
2026-06-24,Snacks,Store_A,141,6269.55
2026-06-24,Beer,Store_B,226,9790.34
2026-06-24,SoftDrink,Store_B,116,4799.43
2026-06-24,Juice,Store_B,218,9518.0
2026-06-24,Snacks,Store_B,83,3744.87
2026-06-24,Beer,Store_C,208,9287.3
2026-06-24,SoftDrink,Store_C,246,9292.29
2026-06-24,Juice,Store_C,214,10101.26
2026-06-24,Snacks,Store_C,116,4738.31
2026-07-01,Beer,Store_A,139,5920.04
2026-07-01,SoftDrink,Store_A,105,4772.56
2026-07-01,Juice,Store_A,97,4468.67
2026-07-01,Snacks,Store_A,248,11025.9
2026-07-01,Beer,Store_B,214,10691.26
2026-07-01,SoftDrink,Store_B,82,3835.88
2026-07-01,Juice,Store_B,86,3523.33
2026-07-01,Snacks,Store_B,151,5992.37
2026-07-01,Beer,Store_C,225,11248.48
2026-07-01,SoftDrink,Store_C,118,4406.49
2026-07-01,Juice,Store_C,146,5510.63
2026-07-01,Snacks,Store_C,201,7248.2
2026-07-08,Beer,Store_A,136,5830.32
2026-07-08,SoftDrink,Store_A,213,9888.29
2026-07-08,Juice,Store_A,107,4330.3
2026-07-08,Snacks,Store_A,142,5158.82
2026-07-08,Beer,Store_B,105,4349.0
2026-07-08,SoftDrink,Store_B,112,3958.06
2026-07-08,Juice,Store_B,236,9127.3
2026-07-08,Snacks,Store_B,97,4389.09
2026-07-08,Beer,Store_C,230,8190.83
2026-07-08,SoftDrink,Store_C,98,4574.06
2026-07-08,Juice,Store_C,89,4015.21
2026-07-08,Snacks,Store_C,111,4226.74
2026-07-15,Beer,Store_A,127,4666.79
2026-07-15,SoftDrink,Store_A,144,6679.15
2026-07-15,Juice,Store_A,237,11795.37
2026-07-15,Snacks,Store_A,134,6233.1
2026-07-15,Beer,Store_B,174,8521.4
2026-07-15,SoftDrink,Store_B,101,4539.5
2026-07-15,Juice,Store_B,113,4885.4
2026-07-15,Snacks,Store_B,84,3622.88
2026-07-15,Beer,Store_C,136,5960.16
2026-07-15,SoftDrink,Store_C,134,5005.87
2026-07-15,Juice,Store_C,80,3160.7
2026-07-15,Snacks,Store_C,94,3400.96
2026-07-22,Beer,Store_A,105,4491.74
2026-07-22,SoftDrink,Store_A,196,8432.84
2026-07-22,Juice,Store_A,199,9452.3
2026-07-22,Snacks,Store_A,168,7190.85
2026-07-22,Beer,Store_B,185,7891.66
2026-07-22,SoftDrink,Store_B,96,3666.88
2026-07-22,Juice,Store_B,121,4537.48
2026-07-22,Snacks,Store_B,228,10920.23
2026-07-22,Beer,Store_C,233,9396.29
2026-07-22,SoftDrink,Store_C,85,3204.9
2026-07-22,Juice,Store_C,209,8631.78
2026-07-22,Snacks,Store_C,163,8001.09
2026-07-29,Beer,Store_A,216,8154.89
2026-07-29,SoftDrink,Store_A,191,8611.97
2026-07-29,Juice,Store_A,176,7963.5
2026-07-29,Snacks,Store_A,180,6773.83
2026-07-29,Beer,Store_B,237,9467.62
2026-07-29,SoftDrink,Store_B,217,9965.96
2026-07-29,Juice,Store_B,214,9481.8
2026-07-29,Snacks,Store_B,97,3888.64
2026-07-29,Beer,Store_C,247,9064.17
2026-07-29,SoftDrink,Store_C,98,4296.72
2026-07-29,Juice,Store_C,133,6084.15
2026-07-29,Snacks,Store_C,143,6188.15
2026-08-05,Beer,Store_A,176,7709.99
2026-08-05,SoftDrink,Store_A,207,8332.58
2026-08-05,Juice,Store_A,97,3471.09
2026-08-05,Snacks,Store_A,223,8526.96
2026-08-05,Beer,Store_B,152,7053.41
2026-08-05,SoftDrink,Store_B,188,8886.08
2026-08-05,Juice,Store_B,212,8832.66
2026-08-05,Snacks,Store_B,180,8614.67
2026-08-05,Beer,Store_C,119,5069.14
2026-08-05,SoftDrink,Store_C,129,5192.87
2026-08-05,Juice,Store_C,129,4706.9
2026-08-05,Snacks,Store_C,216,9933.28
2026-08-12,Beer,Store_A,112,5431.11
2026-08-12,SoftDrink,Store_A,167,7056.82
2026-08-12,Juice,Store_A,129,6282.45
2026-08-12,Snacks,Store_A,112,4934.12
2026-08-12,Beer,Store_B,124,5851.25
2026-08-12,SoftDrink,Store_B,146,6282.78
2026-08-12,Juice,Store_B,87,3757.15
2026-08-12,Snacks,Store_B,148,5581.64
2026-08-12,Beer,Store_C,240,10162.57
2026-08-12,SoftDrink,Store_C,234,10084.88
2026-08-12,Juice,Store_C,154,5614.13
2026-08-12,Snacks,Store_C,191,9106.87
2026-08-19,Beer,Store_A,102,3992.81
2026-08-19,SoftDrink,Store_A,89,3569.26
2026-08-19,Juice,Store_A,116,5668.26
2026-08-19,Snacks,Store_A,237,10249.63
2026-08-19,Beer,Store_B,216,9032.4
2026-08-19,SoftDrink,Store_B,186,9087.61
2026-08-19,Juice,Store_B,151,5701.82
2026-08-19,Snacks,Store_B,102,3889.73
2026-08-19,Beer,Store_C,238,8537.71
2026-08-19,SoftDrink,Store_C,105,4829.79
2026-08-19,Juice,Store_C,124,4769.19
2026-08-19,Snacks,Store_C,136,6661.7
2026-08-26,Beer,Store_A,82,3667.32
2026-08-26,SoftDrink,Store_A,86,3189.32
2026-08-26,Juice,Store_A,166,7418.69
2026-08-26,Snacks,Store_A,183,8831.02
2026-08-26,Beer,Store_B,214,8213.24
2026-08-26,SoftDrink,Store_B,116,5773.71
2026-08-26,Juice,Store_B,174,8580.22
2026-08-26,Snacks,Store_B,118,4924.82
2026-08-26,Beer,Store_C,229,11265.36
2026-08-26,SoftDrink,Store_C,207,9668.69
2026-08-26,Juice,Store_C,106,3778.44
2026-08-26,Snacks,Store_C,142,6933.64
2026-09-02,Beer,Store_A,117,4535.9
2026-09-02,SoftDrink,Store_A,83,2946.25
2026-09-02,Juice,Store_A,148,6735.88
2026-09-02,Snacks,Store_A,196,8196.22
2026-09-02,Beer,Store_B,128,5025.92
2026-09-02,SoftDrink,Store_B,242,8570.52
2026-09-02,Juice,Store_B,155,6814.12
2026-09-02,Snacks,Store_B,135,6474.69
2026-09-02,Beer,Store_C,125,5047.4
2026-09-02,SoftDrink,Store_C,88,3223.82
2026-09-02,Juice,Store_C,194,8457.17
2026-09-02,Snacks,Store_C,135,5085.58
2026-09-09,Beer,Store_A,118,4323.57
2026-09-09,SoftDrink,Store_A,156,7467.51
2026-09-09,Juice,Store_A,149,7360.12
2026-09-09,Snacks,Store_A,228,11109.91
2026-09-09,Beer,Store_B,151,7264.76
2026-09-09,SoftDrink,Store_B,163,6107.21
2026-09-09,Juice,Store_B,166,6249.62
2026-09-09,Snacks,Store_B,189,8398.78
2026-09-09,Beer,Store_C,152,5992.43
2026-09-09,SoftDrink,Store_C,223,8156.67
2026-09-09,Juice,Store_C,150,6286.64
2026-09-09,Snacks,Store_C,236,10739.48
2026-09-16,Beer,Store_A,185,7734.32
2026-09-16,SoftDrink,Store_A,199,7559.96
2026-09-16,Juice,Store_A,113,4798.87
2026-09-16,Snacks,Store_A,142,6214.45
2026-09-16,Beer,Store_B,168,7510.32
2026-09-16,SoftDrink,Store_B,130,5712.49
2026-09-16,Juice,Store_B,80,3400.89
2026-09-16,Snacks,Store_B,160,6263.32
2026-09-16,Beer,Store_C,227,10793.02
2026-09-16,SoftDrink,Store_C,109,4122.17
2026-09-16,Juice,Store_C,99,3980.88
2026-09-16,Snacks,Store_C,111,4619.53
2026-09-23,Beer,Store_A,148,6495.26
2026-09-23,SoftDrink,Store_A,82,3009.19
2026-09-23,Juice,Store_A,145,7052.21
2026-09-23,Snacks,Store_A,107,4840.13
2026-09-23,Beer,Store_B,207,9600.43
2026-09-23,SoftDrink,Store_B,82,3285.32
2026-09-23,Juice,Store_B,174,6633.55
2026-09-23,Snacks,Store_B,218,9635.69
2026-09-23,Beer,Store_C,174,8432.43
2026-09-23,SoftDrink,Store_C,135,4828.99
2026-09-23,Juice,Store_C,178,7217.47
2026-09-23,Snacks,Store_C,248,10506.51
2026-09-30,Beer,Store_A,228,8303.5
2026-09-30,SoftDrink,Store_A,175,7069.85
2026-09-30,Juice,Store_A,178,6302.71
2026-09-30,Snacks,Store_A,141,5329.17
2026-09-30,Beer,Store_B,246,10166.99
2026-09-30,SoftDrink,Store_B,186,7377.34
2026-09-30,Juice,Store_B,139,6051.12
2026-09-30,Snacks,Store_B,237,11588.74
2026-09-30,Beer,Store_C,238,9574.19
2026-09-30,SoftDrink,Store_C,140,5360.54
2026-09-30,Juice,Store_C,143,6227.72
2026-09-30,Snacks,Store_C,229,10935.5
2026-10-07,Beer,Store_A,238,11114.79
2026-10-07,SoftDrink,Store_A,121,5079.82
2026-10-07,Juice,Store_A,242,10420.22
2026-10-07,Snacks,Store_A,227,8719.96
2026-10-07,Beer,Store_B,157,7842.27
2026-10-07,SoftDrink,Store_B,209,9290.42
2026-10-07,Juice,Store_B,218,10168.36
2026-10-07,Snacks,Store_B,209,9686.3
2026-10-07,Beer,Store_C,164,7327.22
2026-10-07,SoftDrink,Store_C,204,8355.62
2026-10-07,Juice,Store_C,202,9312.68
2026-10-07,Snacks,Store_C,205,7901.25
2026-10-14,Beer,Store_A,192,9229.05
2026-10-14,SoftDrink,Store_A,189,6911.43
2026-10-14,Juice,Store_A,247,11188.01
2026-10-14,Snacks,Store_A,86,4214.0
2026-10-14,Beer,Store_B,245,8721.89
2026-10-14,SoftDrink,Store_B,128,4684.52
2026-10-14,Juice,Store_B,177,6527.77
2026-10-14,Snacks,Store_B,183,6715.84
2026-10-14,Beer,Store_C,217,10317.8
2026-10-14,SoftDrink,Store_C,177,6721.61
2026-10-14,Juice,Store_C,94,4646.93
2026-10-14,Snacks,Store_C,194,8480.67
2026-10-21,Beer,Store_A,197,9816.15
2026-10-21,SoftDrink,Store_A,115,4925.73
2026-10-21,Juice,Store_A,175,7912.51
2026-10-21,Snacks,Store_A,181,8399.91
2026-10-21,Beer,Store_B,142,5743.09
2026-10-21,SoftDrink,Store_B,189,7036.95
2026-10-21,Juice,Store_B,142,5467.86
2026-10-21,Snacks,Store_B,220,8569.76
2026-10-21,Beer,Store_C,88,4145.73
2026-10-21,SoftDrink,Store_C,236,11726.21
2026-10-21,Juice,Store_C,151,6036.02
2026-10-21,Snacks,Store_C,233,10517.24
2026-10-28,Beer,Store_A,191,8041.03
2026-10-28,SoftDrink,Store_A,227,9134.95
2026-10-28,Juice,Store_A,96,3732.81
2026-10-28,Snacks,Store_A,226,8877.08
2026-10-28,Beer,Store_B,233,9996.11
2026-10-28,SoftDrink,Store_B,246,12087.84
2026-10-28,Juice,Store_B,95,4507.65
2026-10-28,Snacks,Store_B,244,11431.89
2026-10-28,Beer,Store_C,179,6399.24
2026-10-28,SoftDrink,Store_C,98,4565.7
2026-10-28,Juice,Store_C,175,8097.48
2026-10-28,Snacks,Store_C,120,4217.07
2026-11-04,Beer,Store_A,206,7384.12
2026-11-04,SoftDrink,Store_A,237,11218.18
2026-11-04,Juice,Store_A,96,3626.78
2026-11-04,Snacks,Store_A,123,5554.97
2026-11-04,Beer,Store_B,184,6927.51
2026-11-04,SoftDrink,Store_B,113,4412.26
2026-11-04,Juice,Store_B,194,7867.9
2026-11-04,Snacks,Store_B,166,7184.48
2026-11-04,Beer,Store_C,118,5763.95
2026-11-04,SoftDrink,Store_C,243,11529.04
2026-11-04,Juice,Store_C,242,8745.16
2026-11-04,Snacks,Store_C,142,6464.81
2026-11-11,Beer,Store_A,179,6847.32
2026-11-11,SoftDrink,Store_A,130,6157.57
2026-11-11,Juice,Store_A,94,3362.03
2026-11-11,Snacks,Store_A,206,8550.21
2026-11-11,Beer,Store_B,127,5889.09
2026-11-11,SoftDrink,Store_B,104,4305.9
2026-11-11,Juice,Store_B,158,6814.34
2026-11-11,Snacks,Store_B,158,5800.6
2026-11-11,Beer,Store_C,241,11319.19
2026-11-11,SoftDrink,Store_C,148,6333.58
2026-11-11,Juice,Store_C,156,7690.05
2026-11-11,Snacks,Store_C,197,8387.88
2026-11-18,Beer,Store_A,160,6096.7
2026-11-18,SoftDrink,Store_A,84,3647.38
2026-11-18,Juice,Store_A,118,4934.46
2026-11-18,Snacks,Store_A,161,5930.43
2026-11-18,Beer,Store_B,181,8193.37
2026-11-18,SoftDrink,Store_B,235,8676.98
2026-11-18,Juice,Store_B,114,4940.64
2026-11-18,Snacks,Store_B,223,11116.96
2026-11-18,Beer,Store_C,99,4033.53
2026-11-18,SoftDrink,Store_C,237,10417.19
2026-11-18,Juice,Store_C,181,8482.42
2026-11-18,Snacks,Store_C,199,9199.7
2026-11-25,Beer,Store_A,135,4899.88
2026-11-25,SoftDrink,Store_A,138,4851.73
2026-11-25,Juice,Store_A,94,4015.29
2026-11-25,Snacks,Store_A,148,6050.59
2026-11-25,Beer,Store_B,105,3957.64
2026-11-25,SoftDrink,Store_B,132,6271.72
2026-11-25,Juice,Store_B,185,7903.82
2026-11-25,Snacks,Store_B,162,6440.58
2026-11-25,Beer,Store_C,147,6433.66
2026-11-25,SoftDrink,Store_C,179,8217.32
2026-11-25,Juice,Store_C,82,4048.98
2026-11-25,Snacks,Store_C,87,3980.03
